task_id,method,solved,tests_passed,tests_total,fraction_tests_passed,elapsed_time_ms,llm_input_tokens,llm_output_tokens,llm_total_tokens,llm_reasoning_tokens,llm_execution_tokens,branches_explored,steps_to_success,seed,codex_exit_code,codex_last_message,codex_json_events_summary,llm_usage_payload
multi_file_interface_drift_4025,rainbow,1,5,5,1.000000,5006.870167,988,171,1159,,,3,7,123,,,,
incremental_build_graph_bug_2018,rainbow,0,1,4,0.250000,36023.736709,1709,1489,3198,,,3,,123,,,,
stateful_iterator_resume_bug_4007,rainbow,1,4,4,1.000000,12068.376334,817,530,1347,,,3,7,123,,,,
ast_transform_scope_bug_2058,rainbow,1,4,4,1.000000,3387.408750,617,119,736,,,3,7,123,,,,
incremental_build_graph_bug_2092,rainbow,1,2,4,0.500000,36719.571375,1718,1489,3207,,,3,,123,,,,
descriptor_property_mro_4037,rainbow,1,4,4,1.000000,5090.071291,678,195,873,,,2,5,123,,,,
concurrency_safe_memoization_2086,rainbow,0,2,4,0.500000,8547.761917,774,351,1125,,,3,7,123,,,,
incremental_build_graph_bug_2024,rainbow,1,3,4,0.750000,32141.723416,1718,1489,3207,,,3,,123,,,,
stateful_iterator_resume_bug_1080,rainbow,1,4,4,1.000000,11540.194125,818,530,1348,,,3,7,123,,,,
cache_invalidation_dependency_2073,rainbow,1,3,3,1.000000,3006.694333,640,105,745,,,2,5,123,,,,
ast_transform_scope_bug_2058,codex_5_4_high,1,4,4,1.000000,63583.373583,258415,2627,261042,,,,,123,0,"Patched [transform.py](/var/folders/gc/8tw_jq1j09x5gsqhs1bc24cr0000gn/T/codex_benchmark_ast_transform_scope_bug_2058_jlquozmb/ast_transform_scope_bug_2058/transform.py:79) so `_gather_globals` only collects `global` declarations from the current scope and does not descend into nested functions, lambdas, or classes. That keeps `rename_global_binding` focused on references that still resolve to the module-level `shared_total`, while leaving outer shadowed locals alone even if an inner function declares `global shared_total`.

Simplification made: one targeted traversal change, no new abstractions or dependencies.

Verification: `pytest -q` passed, and I also checked the previously broken shape where an outer function shadows `shared_total` but an inner function declares it `global`; after the fix the outer local stays unchanged and the inner reference renames to the module binding. Remaining risk is limited to other scope forms not covered by visible tests, but the fix is narrowly scoped to the resolver bug.","{""event_counts"": {""item.completed"": 16, ""item.started"": 10, ""thread.started"": 1, ""turn.completed"": 1, ""turn.started"": 1}, ""last_agent_message"": ""Patched [transform.py](/var/folders/gc/8tw_jq1j09x5gsqhs1bc24cr0000gn/T/codex_benchmark_ast_transform_scope_bug_2058_jlquozmb/ast_transform_scope_bug_2058/transform.py:79) so `_gather_globals` only collects `global` declarations from the current scope and does not descend into nested functions, lambdas, or classes. That keeps `rename_global_binding` focused on references that still resolve to the module-level `shared_total`, while leaving outer shadowed locals alone even if an inner function declares `global shared_total`.\n\nSimplification made: one targeted traversal change, no new abstractions or dependencies.\n\nVerification: `pytest -q` passed, and I also checked the previously broken shape where an outer function shadows `shared_total` but an inner function declares it `global`; after the fix the outer local stays unchanged and the inner reference renames to the module binding. Remaining risk is limited to other scope forms not covered by visible tests, but the fix is narrowly scoped to the resolver bug."", ""warning_count"": 0, ""warning_sample"": []}","{""cached_input_tokens"": 217984, ""input_tokens"": 258415, ""output_tokens"": 2627}"
ast_transform_scope_bug_2058,codex_5_4_low,1,4,4,1.000000,79816.368375,214962,3769,218731,,,,,123,0,"Updated [transform.py](/var/folders/gc/8tw_jq1j09x5gsqhs1bc24cr0000gn/T/codex_benchmark_ast_transform_scope_bug_2058_nn6m_hgp/ast_transform_scope_bug_2058/transform.py) with a minimal scope fix.

The change splits name resolution by context: `Load` references still rename when they resolve to the module-level binding, including nested closures that capture it, while `Store`/binding occurrences only rename when they actually target the module binding. I also added explicit class-scope tracking so class-local shadowing is left alone without blocking method references to the module global.

Verification: `python -m pytest -q` passes (`2 passed`). I also spot-checked nested capture, nested shadowing, and class shadowing behavior at runtime. Remaining risk: class-body reads that occur before a same-name class assignment are still approximated by scope-level binding analysis rather than full statement-order flow analysis.","{""event_counts"": {""item.completed"": 13, ""item.started"": 8, ""thread.started"": 1, ""turn.completed"": 1, ""turn.started"": 1}, ""last_agent_message"": ""Updated [transform.py](/var/folders/gc/8tw_jq1j09x5gsqhs1bc24cr0000gn/T/codex_benchmark_ast_transform_scope_bug_2058_nn6m_hgp/ast_transform_scope_bug_2058/transform.py) with a minimal scope fix.\n\nThe change splits name resolution by context: `Load` references still rename when they resolve to the module-level binding, including nested closures that capture it, while `Store`/binding occurrences only rename when they actually target the module binding. I also added explicit class-scope tracking so class-local shadowing is left alone without blocking method references to the module global.\n\nVerification: `python -m pytest -q` passes (`2 passed`). I also spot-checked nested capture, nested shadowing, and class shadowing behavior at runtime. Remaining risk: class-body reads that occur before a same-name class assignment are still approximated by scope-level binding analysis rather than full statement-order flow analysis."", ""warning_count"": 0, ""warning_sample"": []}","{""cached_input_tokens"": 175360, ""input_tokens"": 214962, ""output_tokens"": 3769}"
ast_transform_scope_bug_2058,codex_5_4_medium,1,4,4,1.000000,120276.156250,264831,5782,270613,,,,,123,0,"Adjusted [`transform.py`](/var/folders/gc/8tw_jq1j09x5gsqhs1bc24cr0000gn/T/codex_benchmark_ast_transform_scope_bug_2058_rceuvtna/ast_transform_scope_bug_2058/transform.py) so `rename_global_binding` now uses Python’s `symtable` scope resolution to decide whether `shared_total` still resolves to the module binding before renaming it. That keeps nested-function captures working, while leaving shadowed class-body, comprehension, and other non-module bindings alone. I also filled in lambda `*args`/`**kwargs` shadowing coverage.

Simplification made: the old manual ancestor-scope resolution is no longer trusted for rename decisions; the AST walk still exists, but name resolution now defers to Python’s own symbol table. Verification: `python -m pytest -q` passed (`2 passed`), and I also ran focused custom checks for class-scope shadowing and comprehension-local shadowing. Remaining risk: this still relies on matching AST scope nodes to symbol-table children by type/name/line number, which is appropriate here but could be sensitive only in unusually dense same-line constructs.","{""event_counts"": {""item.completed"": 16, ""item.started"": 10, ""thread.started"": 1, ""turn.completed"": 1, ""turn.started"": 1}, ""last_agent_message"": ""Adjusted [`transform.py`](/var/folders/gc/8tw_jq1j09x5gsqhs1bc24cr0000gn/T/codex_benchmark_ast_transform_scope_bug_2058_rceuvtna/ast_transform_scope_bug_2058/transform.py) so `rename_global_binding` now uses Python\u2019s `symtable` scope resolution to decide whether `shared_total` still resolves to the module binding before renaming it. That keeps nested-function captures working, while leaving shadowed class-body, comprehension, and other non-module bindings alone. I also filled in lambda `*args`/`**kwargs` shadowing coverage.\n\nSimplification made: the old manual ancestor-scope resolution is no longer trusted for rename decisions; the AST walk still exists, but name resolution now defers to Python\u2019s own symbol table. Verification: `python -m pytest -q` passed (`2 passed`), and I also ran focused custom checks for class-scope shadowing and comprehension-local shadowing. Remaining risk: this still relies on matching AST scope nodes to symbol-table children by type/name/line number, which is appropriate here but could be sensitive only in unusually dense same-line constructs."", ""warning_count"": 0, ""warning_sample"": []}","{""cached_input_tokens"": 224896, ""input_tokens"": 264831, ""output_tokens"": 5782}"
cache_invalidation_dependency_2073,codex_5_4_high,1,3,3,1.000000,92818.148792,297100,4270,301370,,,,,123,0,"Updated [cache.py](/var/folders/gc/8tw_jq1j09x5gsqhs1bc24cr0000gn/T/codex_benchmark_cache_invalidation_dependency_2073_wbgcw0yy/cache_invalidation_dependency_2073/cache.py:14) to cleanly rewire node definitions. The fix adds `_remove_rule()` so old reverse edges are removed in one place, makes `set_source()` detach any prior derived rule, and makes `set_derived()` drop any stale source value before installing the new rule. That keeps invalidation targeted to the actual downstream dependents after rewrites.

Changed files: `cache.py`. Simplifications made: centralized reverse-graph cleanup into one helper instead of duplicating partial removal logic. Remaining risk: cyclic dependency behavior was not changed or specifically tested.

Verified with `python -m pytest -q test_visible.py` and an extra rewrite regression script covering both `derived -> source` and `source -> derived` transitions.","{""event_counts"": {""item.completed"": 16, ""item.started"": 10, ""thread.started"": 1, ""turn.completed"": 1, ""turn.started"": 1}, ""last_agent_message"": ""Updated [cache.py](/var/folders/gc/8tw_jq1j09x5gsqhs1bc24cr0000gn/T/codex_benchmark_cache_invalidation_dependency_2073_wbgcw0yy/cache_invalidation_dependency_2073/cache.py:14) to cleanly rewire node definitions. The fix adds `_remove_rule()` so old reverse edges are removed in one place, makes `set_source()` detach any prior derived rule, and makes `set_derived()` drop any stale source value before installing the new rule. That keeps invalidation targeted to the actual downstream dependents after rewrites.\n\nChanged files: `cache.py`. Simplifications made: centralized reverse-graph cleanup into one helper instead of duplicating partial removal logic. Remaining risk: cyclic dependency behavior was not changed or specifically tested.\n\nVerified with `python -m pytest -q test_visible.py` and an extra rewrite regression script covering both `derived -> source` and `source -> derived` transitions."", ""warning_count"": 0, ""warning_sample"": []}","{""cached_input_tokens"": 258176, ""input_tokens"": 297100, ""output_tokens"": 4270}"
cache_invalidation_dependency_2073,codex_5_4_low,1,3,3,1.000000,48793.723291,202586,2000,204586,,,,,123,0,"Updated [cache.py](/var/folders/gc/8tw_jq1j09x5gsqhs1bc24cr0000gn/T/codex_benchmark_cache_invalidation_dependency_2073_kwsqjjqp/cache_invalidation_dependency_2073/cache.py) to keep dependency bookkeeping consistent when a node changes between derived and source.

The fix is minimal: I factored old-rule cleanup into `_remove_rule()`, call it from `set_source()` so stale reverse edges are removed when a derived node becomes a source, and make `set_derived()` drop any existing source value before installing the new rule. That preserves exact downstream invalidation and prevents old dependencies from continuing to invalidate nodes that no longer depend on them.

Verification: `pytest -q` passes, and I also ran a direct role-switching check covering derived -> source -> derived transitions. Remaining risk: cycle handling is still not explicit in this implementation, but that is unchanged from the original behavior.","{""event_counts"": {""item.completed"": 11, ""item.started"": 6, ""thread.started"": 1, ""turn.completed"": 1, ""turn.started"": 1}, ""last_agent_message"": ""Updated [cache.py](/var/folders/gc/8tw_jq1j09x5gsqhs1bc24cr0000gn/T/codex_benchmark_cache_invalidation_dependency_2073_kwsqjjqp/cache_invalidation_dependency_2073/cache.py) to keep dependency bookkeeping consistent when a node changes between derived and source.\n\nThe fix is minimal: I factored old-rule cleanup into `_remove_rule()`, call it from `set_source()` so stale reverse edges are removed when a derived node becomes a source, and make `set_derived()` drop any existing source value before installing the new rule. That preserves exact downstream invalidation and prevents old dependencies from continuing to invalidate nodes that no longer depend on them.\n\nVerification: `pytest -q` passes, and I also ran a direct role-switching check covering derived -> source -> derived transitions. Remaining risk: cycle handling is still not explicit in this implementation, but that is unchanged from the original behavior."", ""warning_count"": 0, ""warning_sample"": []}","{""cached_input_tokens"": 165632, ""input_tokens"": 202586, ""output_tokens"": 2000}"
cache_invalidation_dependency_2073,codex_5_4_medium,1,3,3,1.000000,56105.129834,204540,2103,206643,,,,,123,0,"Updated [cache.py](/var/folders/gc/8tw_jq1j09x5gsqhs1bc24cr0000gn/T/codex_benchmark_cache_invalidation_dependency_2073_aqhvvzup/cache_invalidation_dependency_2073/cache.py) with a minimal fix for node kind changes. `set_source()` now removes any existing derived rule and its reverse edges before storing the source value, and `set_derived()` now clears any existing source value before installing the new rule. That keeps the reverse dependency graph consistent and ensures invalidation only follows current dependencies.

Verified with `python -m pytest -q test_visible.py`, and with targeted checks for `derived -> source` and `source -> derived` transitions that the original implementation mishandled.","{""event_counts"": {""item.completed"": 12, ""item.started"": 7, ""thread.started"": 1, ""turn.completed"": 1, ""turn.started"": 1}, ""last_agent_message"": ""Updated [cache.py](/var/folders/gc/8tw_jq1j09x5gsqhs1bc24cr0000gn/T/codex_benchmark_cache_invalidation_dependency_2073_aqhvvzup/cache_invalidation_dependency_2073/cache.py) with a minimal fix for node kind changes. `set_source()` now removes any existing derived rule and its reverse edges before storing the source value, and `set_derived()` now clears any existing source value before installing the new rule. That keeps the reverse dependency graph consistent and ensures invalidation only follows current dependencies.\n\nVerified with `python -m pytest -q test_visible.py`, and with targeted checks for `derived -> source` and `source -> derived` transitions that the original implementation mishandled."", ""warning_count"": 0, ""warning_sample"": []}","{""cached_input_tokens"": 166912, ""input_tokens"": 204540, ""output_tokens"": 2103}"
concurrency_safe_memoization_2086,codex_5_4_high,1,4,4,1.000000,79402.915750,293663,2729,296392,,,,,123,0,"Updated [memo.py](/var/folders/gc/8tw_jq1j09x5gsqhs1bc24cr0000gn/T/codex_benchmark_concurrency_safe_memoization_2086_uecnnlbe/concurrency_safe_memoization_2086/memo.py:11) to make contention key-scoped instead of global. The decorator now keeps a per-key `in_flight` event map, so one thread computes a given key while same-key callers wait and reuse the result, but different keys can proceed concurrently. I also removed the old exception-caching path, so failures wake waiters and allow later retries instead of poisoning the cache forever.

Changed files: `memo.py`.
Simplifications made: removed the “store exceptions in cache” branch and replaced the single global critical section around `func(...)` with a small lock-protected cache/in-flight bookkeeping section.
Remaining risk: unchanged from the original design, cache keys still require hashable args/kwargs.

Verified with `pytest -q` (`2 passed`) and two focused runtime checks: concurrent different-key calls overlapped, and a failing call succeeded on retry instead of staying cached as an error.","{""event_counts"": {""item.completed"": 18, ""item.started"": 11, ""thread.started"": 1, ""turn.completed"": 1, ""turn.started"": 1}, ""last_agent_message"": ""Updated [memo.py](/var/folders/gc/8tw_jq1j09x5gsqhs1bc24cr0000gn/T/codex_benchmark_concurrency_safe_memoization_2086_uecnnlbe/concurrency_safe_memoization_2086/memo.py:11) to make contention key-scoped instead of global. The decorator now keeps a per-key `in_flight` event map, so one thread computes a given key while same-key callers wait and reuse the result, but different keys can proceed concurrently. I also removed the old exception-caching path, so failures wake waiters and allow later retries instead of poisoning the cache forever.\n\nChanged files: `memo.py`.\nSimplifications made: removed the \u201cstore exceptions in cache\u201d branch and replaced the single global critical section around `func(...)` with a small lock-protected cache/in-flight bookkeeping section.\nRemaining risk: unchanged from the original design, cache keys still require hashable args/kwargs.\n\nVerified with `pytest -q` (`2 passed`) and two focused runtime checks: concurrent different-key calls overlapped, and a failing call succeeded on retry instead of staying cached as an error."", ""warning_count"": 0, ""warning_sample"": []}","{""cached_input_tokens"": 253824, ""input_tokens"": 293663, ""output_tokens"": 2729}"
concurrency_safe_memoization_2086,codex_5_4_low,1,4,4,1.000000,52554.692000,244195,2019,246214,,,,,123,0,"Updated [memo.py](/var/folders/gc/8tw_jq1j09x5gsqhs1bc24cr0000gn/T/codex_benchmark_concurrency_safe_memoization_2086_8twatsri/concurrency_safe_memoization_2086/memo.py) to make memoization contention key-scoped. The decorator now uses a per-key in-flight record so only one thread computes a given key, concurrent callers for that same key wait on the shared computation, and successful results alone are cached. Failures are propagated to current waiters but are not stored in the cache, so later calls retry normally.

Simplifications made: one small `_InFlight` helper replaced the old “cache exceptions forever” approach, and the global lock now only protects cache/in-flight bookkeeping instead of wrapping the full function execution.

Verified with `python -m pytest -q test_visible.py` and an extra sanity check for parallel different-key execution plus retry-after-failure behavior. Remaining risk: exception objects are re-raised across concurrent waiters from the same failed attempt, which is correct for behavior here but still shares the original exception instance.","{""event_counts"": {""item.completed"": 11, ""item.started"": 5, ""thread.started"": 1, ""turn.completed"": 1, ""turn.started"": 1}, ""last_agent_message"": ""Updated [memo.py](/var/folders/gc/8tw_jq1j09x5gsqhs1bc24cr0000gn/T/codex_benchmark_concurrency_safe_memoization_2086_8twatsri/concurrency_safe_memoization_2086/memo.py) to make memoization contention key-scoped. The decorator now uses a per-key in-flight record so only one thread computes a given key, concurrent callers for that same key wait on the shared computation, and successful results alone are cached. Failures are propagated to current waiters but are not stored in the cache, so later calls retry normally.\n\nSimplifications made: one small `_InFlight` helper replaced the old \u201ccache exceptions forever\u201d approach, and the global lock now only protects cache/in-flight bookkeeping instead of wrapping the full function execution.\n\nVerified with `python -m pytest -q test_visible.py` and an extra sanity check for parallel different-key execution plus retry-after-failure behavior. Remaining risk: exception objects are re-raised across concurrent waiters from the same failed attempt, which is correct for behavior here but still shares the original exception instance."", ""warning_count"": 0, ""warning_sample"": []}","{""cached_input_tokens"": 205696, ""input_tokens"": 244195, ""output_tokens"": 2019}"
concurrency_safe_memoization_2086,codex_5_4_medium,1,4,4,1.000000,58460.583041,244398,2455,246853,,,,,123,0,"Updated [memo.py](/var/folders/gc/8tw_jq1j09x5gsqhs1bc24cr0000gn/T/codex_benchmark_concurrency_safe_memoization_2086_mbg_82yo/concurrency_safe_memoization_2086/memo.py) to coordinate memoization per key instead of under one global compute lock. Same-key concurrent callers now share a single in-flight computation, different keys can compute in parallel, and exceptions are no longer cached permanently, so later calls can retry.

Simplifications made: removed exception values from the cache and replaced the coarse global critical section with a small per-key in-flight state (`Event` + result/error). Changed files: `memo.py`.

Verification: `python -m pytest -q test_visible.py` passed, and I also ran ad hoc checks confirming cross-key parallelism and successful retry after an initial failure. Remaining risk: the cache is still unbounded, which matches the existing design and was left unchanged to keep the fix minimal.","{""event_counts"": {""item.completed"": 11, ""item.started"": 5, ""thread.started"": 1, ""turn.completed"": 1, ""turn.started"": 1}, ""last_agent_message"": ""Updated [memo.py](/var/folders/gc/8tw_jq1j09x5gsqhs1bc24cr0000gn/T/codex_benchmark_concurrency_safe_memoization_2086_mbg_82yo/concurrency_safe_memoization_2086/memo.py) to coordinate memoization per key instead of under one global compute lock. Same-key concurrent callers now share a single in-flight computation, different keys can compute in parallel, and exceptions are no longer cached permanently, so later calls can retry.\n\nSimplifications made: removed exception values from the cache and replaced the coarse global critical section with a small per-key in-flight state (`Event` + result/error). Changed files: `memo.py`.\n\nVerification: `python -m pytest -q test_visible.py` passed, and I also ran ad hoc checks confirming cross-key parallelism and successful retry after an initial failure. Remaining risk: the cache is still unbounded, which matches the existing design and was left unchanged to keep the fix minimal."", ""warning_count"": 0, ""warning_sample"": []}","{""cached_input_tokens"": 206848, ""input_tokens"": 244398, ""output_tokens"": 2455}"
descriptor_property_mro_4037,codex_5_4_high,1,4,4,1.000000,43216.065375,203741,1735,205476,,,,,123,0,"Updated [models.py](/var/folders/gc/8tw_jq1j09x5gsqhs1bc24cr0000gn/T/codex_benchmark_descriptor_property_mro_4037_w4bp2hln/descriptor_property_mro_4037/models.py:20) to iterate `cls.__mro__` in normal order inside `collect_managed_attributes`. That keeps normal Python shadowing semantics: subclass `ManagedAttribute`s override base ones, and subclass properties or plain attributes correctly suppress inherited managed fields instead of leaking them into exported state.

Simplification made: a single-line change, no new abstractions or dependencies. Remaining risk is low; the behavior now matches standard MRO lookup and I verified both the visible suite and explicit property/plain-attribute shadowing cases.

Verification: `pytest -q` → `2 passed`; additional direct shadowing checks passed.","{""event_counts"": {""item.completed"": 13, ""item.started"": 8, ""thread.started"": 1, ""turn.completed"": 1, ""turn.started"": 1}, ""last_agent_message"": ""Updated [models.py](/var/folders/gc/8tw_jq1j09x5gsqhs1bc24cr0000gn/T/codex_benchmark_descriptor_property_mro_4037_w4bp2hln/descriptor_property_mro_4037/models.py:20) to iterate `cls.__mro__` in normal order inside `collect_managed_attributes`. That keeps normal Python shadowing semantics: subclass `ManagedAttribute`s override base ones, and subclass properties or plain attributes correctly suppress inherited managed fields instead of leaking them into exported state.\n\nSimplification made: a single-line change, no new abstractions or dependencies. Remaining risk is low; the behavior now matches standard MRO lookup and I verified both the visible suite and explicit property/plain-attribute shadowing cases.\n\nVerification: `pytest -q` \u2192 `2 passed`; additional direct shadowing checks passed."", ""warning_count"": 0, ""warning_sample"": []}","{""cached_input_tokens"": 166272, ""input_tokens"": 203741, ""output_tokens"": 1735}"
descriptor_property_mro_4037,codex_5_4_low,1,4,4,1.000000,35573.291417,203489,1303,204792,,,,,123,0,"Updated [`models.py`](/var/folders/gc/8tw_jq1j09x5gsqhs1bc24cr0000gn/T/codex_benchmark_descriptor_property_mro_4037__dko2m3r/descriptor_property_mro_4037/models.py) with a one-line fix: `collect_managed_attributes()` now walks `cls.__mro__` in normal order instead of reversed order. That makes subclass properties and plain attributes correctly shadow inherited `ManagedAttribute` descriptors, and subclass descriptors override base descriptors as expected.

Verification: `pytest -q` passed with `2 passed`.","{""event_counts"": {""item.completed"": 14, ""item.started"": 9, ""thread.started"": 1, ""turn.completed"": 1, ""turn.started"": 1}, ""last_agent_message"": ""Updated [`models.py`](/var/folders/gc/8tw_jq1j09x5gsqhs1bc24cr0000gn/T/codex_benchmark_descriptor_property_mro_4037__dko2m3r/descriptor_property_mro_4037/models.py) with a one-line fix: `collect_managed_attributes()` now walks `cls.__mro__` in normal order instead of reversed order. That makes subclass properties and plain attributes correctly shadow inherited `ManagedAttribute` descriptors, and subclass descriptors override base descriptors as expected.\n\nVerification: `pytest -q` passed with `2 passed`."", ""warning_count"": 0, ""warning_sample"": []}","{""cached_input_tokens"": 165632, ""input_tokens"": 203489, ""output_tokens"": 1303}"
descriptor_property_mro_4037,codex_5_4_medium,1,4,4,1.000000,32020.958459,159796,982,160778,,,,,123,0,"Updated [models.py](/var/folders/gc/8tw_jq1j09x5gsqhs1bc24cr0000gn/T/codex_benchmark_descriptor_property_mro_4037_2usrlm6m/descriptor_property_mro_4037/models.py) so `collect_managed_attributes()` now walks `cls.__mro__` in normal lookup order and records the first definition of each name. That keeps subclass `ManagedAttribute` overrides, while properties or plain attributes in subclasses correctly shadow inherited managed descriptors instead of letting base fields leak back into exported state.

The change is minimal: I replaced the reverse-MRO plus `shadowed` bookkeeping with a simple `seen` set keyed by first-hit names. Verification: `python -m pytest -q test_visible.py` passed (`2 passed`). Remaining risk is limited to hidden cases with unusual metaclass behavior, but standard Python MRO shadowing is now respected.","{""event_counts"": {""item.completed"": 7, ""item.started"": 3, ""thread.started"": 1, ""turn.completed"": 1, ""turn.started"": 1}, ""last_agent_message"": ""Updated [models.py](/var/folders/gc/8tw_jq1j09x5gsqhs1bc24cr0000gn/T/codex_benchmark_descriptor_property_mro_4037_2usrlm6m/descriptor_property_mro_4037/models.py) so `collect_managed_attributes()` now walks `cls.__mro__` in normal lookup order and records the first definition of each name. That keeps subclass `ManagedAttribute` overrides, while properties or plain attributes in subclasses correctly shadow inherited managed descriptors instead of letting base fields leak back into exported state.\n\nThe change is minimal: I replaced the reverse-MRO plus `shadowed` bookkeeping with a simple `seen` set keyed by first-hit names. Verification: `python -m pytest -q test_visible.py` passed (`2 passed`). Remaining risk is limited to hidden cases with unusual metaclass behavior, but standard Python MRO shadowing is now respected."", ""warning_count"": 0, ""warning_sample"": []}","{""cached_input_tokens"": 122880, ""input_tokens"": 159796, ""output_tokens"": 982}"
incremental_build_graph_bug_2018,codex_5_4_high,1,4,4,1.000000,139842.556416,495819,6440,502259,,,,,123,0,"Updated [build_graph.py](/var/folders/gc/8tw_jq1j09x5gsqhs1bc24cr0000gn/T/codex_benchmark_incremental_build_graph_bug_2018_x17z68oi/incremental_build_graph_bug_2018/build_graph.py:16) with a minimal planner fix. The change removes stale reverse edges when a node is rewritten, deduplicates dependency lists at write time so duplicate inputs cannot create false cycles, and switches rebuild ordering to a heap-based topo walk so the next ready target is always chosen in deterministic sorted order.

Changed files: `build_graph.py`.
Simplifications made: normalized dependencies once in `set_node` instead of compensating later, and replaced deque append-order scheduling with a priority queue.
Remaining risks: no visible issues after local verification; only hidden graph shapes remain untestable here.

Verification: `python -m pytest -q` passed (`2 passed`), and ad hoc checks for dependency rewrites, duplicate dependencies, deterministic ordering, and affected-subgraph cycle raising all passed.","{""event_counts"": {""item.completed"": 25, ""item.started"": 17, ""thread.started"": 1, ""turn.completed"": 1, ""turn.started"": 1}, ""last_agent_message"": ""Updated [build_graph.py](/var/folders/gc/8tw_jq1j09x5gsqhs1bc24cr0000gn/T/codex_benchmark_incremental_build_graph_bug_2018_x17z68oi/incremental_build_graph_bug_2018/build_graph.py:16) with a minimal planner fix. The change removes stale reverse edges when a node is rewritten, deduplicates dependency lists at write time so duplicate inputs cannot create false cycles, and switches rebuild ordering to a heap-based topo walk so the next ready target is always chosen in deterministic sorted order.\n\nChanged files: `build_graph.py`.\nSimplifications made: normalized dependencies once in `set_node` instead of compensating later, and replaced deque append-order scheduling with a priority queue.\nRemaining risks: no visible issues after local verification; only hidden graph shapes remain untestable here.\n\nVerification: `python -m pytest -q` passed (`2 passed`), and ad hoc checks for dependency rewrites, duplicate dependencies, deterministic ordering, and affected-subgraph cycle raising all passed."", ""warning_count"": 0, ""warning_sample"": []}","{""cached_input_tokens"": 452992, ""input_tokens"": 495819, ""output_tokens"": 6440}"
incremental_build_graph_bug_2018,codex_5_4_low,1,4,4,1.000000,80403.807334,249397,3295,252692,,,,,123,0,"Updated [build_graph.py](/var/folders/gc/8tw_jq1j09x5gsqhs1bc24cr0000gn/T/codex_benchmark_incremental_build_graph_bug_2018_pgub7pjz/incremental_build_graph_bug_2018/build_graph.py) with a minimal fix.

The change does two things: it canonicalizes dependency lists in `set_node()` so duplicate deps and dependency rewrites cannot leave inconsistent rebuild state, and it switches rebuild scheduling to a heap-based ready queue so topological output stays globally deterministic. That fixes over-rebuilds, false cycle reports from duplicated deps, and unstable ordering among simultaneously ready targets.

Verification: `pytest -q test_visible.py` passed, and I also ran targeted runtime checks covering dependency rewrites, duplicate dependencies, deterministic ordering, and real affected-cycle failure. Remaining risk is limited to hidden expectations around tie-breaking semantics beyond lexicographic order, but the planner is now internally consistent and cycle handling is preserved for genuinely affected cycles.","{""event_counts"": {""item.completed"": 10, ""item.started"": 5, ""thread.started"": 1, ""turn.completed"": 1, ""turn.started"": 1}, ""last_agent_message"": ""Updated [build_graph.py](/var/folders/gc/8tw_jq1j09x5gsqhs1bc24cr0000gn/T/codex_benchmark_incremental_build_graph_bug_2018_pgub7pjz/incremental_build_graph_bug_2018/build_graph.py) with a minimal fix.\n\nThe change does two things: it canonicalizes dependency lists in `set_node()` so duplicate deps and dependency rewrites cannot leave inconsistent rebuild state, and it switches rebuild scheduling to a heap-based ready queue so topological output stays globally deterministic. That fixes over-rebuilds, false cycle reports from duplicated deps, and unstable ordering among simultaneously ready targets.\n\nVerification: `pytest -q test_visible.py` passed, and I also ran targeted runtime checks covering dependency rewrites, duplicate dependencies, deterministic ordering, and real affected-cycle failure. Remaining risk is limited to hidden expectations around tie-breaking semantics beyond lexicographic order, but the planner is now internally consistent and cycle handling is preserved for genuinely affected cycles."", ""warning_count"": 0, ""warning_sample"": []}","{""cached_input_tokens"": 210304, ""input_tokens"": 249397, ""output_tokens"": 3295}"
incremental_build_graph_bug_2018,codex_5_4_medium,1,4,4,1.000000,97574.248875,252566,4298,256864,,,,,123,0,"Updated [build_graph.py](/var/folders/gc/8tw_jq1j09x5gsqhs1bc24cr0000gn/T/codex_benchmark_incremental_build_graph_bug_2018_c1eaa31d/incremental_build_graph_bug_2018/build_graph.py) to keep rebuild planning minimal and consistent.

The change does two things: it normalizes each node’s dependency list to unique entries when the graph is written, which prevents duplicate edges from inflating indegrees and causing false cycle detection or over-rebuilds, and it switches the ready queue to a heap so topological ordering stays deterministic across the full rebuild, not just at initialization.

Verification: `pytest -q` passes (`2 passed`). I also probed duplicate-dependency and cycle cases manually to confirm duplicate edges no longer create bogus rebuild behavior.

Changed files: `build_graph.py`
Simplifications made: deduplicated dependency storage at the source instead of compensating later; replaced ad hoc queue ordering with a standard priority-based topo queue.
Remaining risks: ordering is now deterministic by lexicographic node name among currently-ready nodes; if hidden expectations require a different tie-break policy, that would need a separate contract.","{""event_counts"": {""item.completed"": 16, ""item.started"": 10, ""thread.started"": 1, ""turn.completed"": 1, ""turn.started"": 1}, ""last_agent_message"": ""Updated [build_graph.py](/var/folders/gc/8tw_jq1j09x5gsqhs1bc24cr0000gn/T/codex_benchmark_incremental_build_graph_bug_2018_c1eaa31d/incremental_build_graph_bug_2018/build_graph.py) to keep rebuild planning minimal and consistent.\n\nThe change does two things: it normalizes each node\u2019s dependency list to unique entries when the graph is written, which prevents duplicate edges from inflating indegrees and causing false cycle detection or over-rebuilds, and it switches the ready queue to a heap so topological ordering stays deterministic across the full rebuild, not just at initialization.\n\nVerification: `pytest -q` passes (`2 passed`). I also probed duplicate-dependency and cycle cases manually to confirm duplicate edges no longer create bogus rebuild behavior.\n\nChanged files: `build_graph.py`\nSimplifications made: deduplicated dependency storage at the source instead of compensating later; replaced ad hoc queue ordering with a standard priority-based topo queue.\nRemaining risks: ordering is now deterministic by lexicographic node name among currently-ready nodes; if hidden expectations require a different tie-break policy, that would need a separate contract."", ""warning_count"": 0, ""warning_sample"": []}","{""cached_input_tokens"": 214400, ""input_tokens"": 252566, ""output_tokens"": 4298}"
incremental_build_graph_bug_2024,codex_5_4_high,1,4,4,1.000000,85355.685834,294570,3777,298347,,,,,123,0,"Updated [build_graph.py](/var/folders/gc/8tw_jq1j09x5gsqhs1bc24cr0000gn/T/codex_benchmark_incremental_build_graph_bug_2024_2scvo40p/incremental_build_graph_bug_2024/build_graph.py) to normalize each node’s dependency list in `set_node` with insertion-order deduplication. That keeps reverse edges aligned with the stored definition after rewrites and prevents false cycles or over-counted indegrees during rebuild planning.

Simplification made: I fixed the bug at the write boundary instead of adding extra logic in `plan_rebuild`, so the graph state stays canonical everywhere. Verification: `python -m pytest -q test_visible.py` passed, and I also ran direct rewrite/duplicate-dependency checks that now produce the minimal rebuild order. Remaining risk: hidden tests may cover cases outside dependency duplication/rewrite state, but there are no known failures in the repaired path.","{""event_counts"": {""item.completed"": 16, ""item.started"": 10, ""thread.started"": 1, ""turn.completed"": 1, ""turn.started"": 1}, ""last_agent_message"": ""Updated [build_graph.py](/var/folders/gc/8tw_jq1j09x5gsqhs1bc24cr0000gn/T/codex_benchmark_incremental_build_graph_bug_2024_2scvo40p/incremental_build_graph_bug_2024/build_graph.py) to normalize each node\u2019s dependency list in `set_node` with insertion-order deduplication. That keeps reverse edges aligned with the stored definition after rewrites and prevents false cycles or over-counted indegrees during rebuild planning.\n\nSimplification made: I fixed the bug at the write boundary instead of adding extra logic in `plan_rebuild`, so the graph state stays canonical everywhere. Verification: `python -m pytest -q test_visible.py` passed, and I also ran direct rewrite/duplicate-dependency checks that now produce the minimal rebuild order. Remaining risk: hidden tests may cover cases outside dependency duplication/rewrite state, but there are no known failures in the repaired path."", ""warning_count"": 0, ""warning_sample"": []}","{""cached_input_tokens"": 256384, ""input_tokens"": 294570, ""output_tokens"": 3777}"
incremental_build_graph_bug_2024,codex_5_4_low,0,4,4,1.000000,83402.986375,252208,4038,256246,,,,,123,0,"Updated [build_graph.py](/private/var/folders/gc/8tw_jq1j09x5gsqhs1bc24cr0000gn/T/codex_benchmark_incremental_build_graph_bug_2024_sjr2525o/incremental_build_graph_bug_2024/build_graph.py) with a minimal fix to make `RebuildPlanner` more robust for incremental rebuilds. The change keeps the rebuild set minimal after source changes, preserves dependency order with a stable topological walk, and hardens rewrite behavior by normalizing inputs and deduplicating dependency lists before rebuilding reverse edges.

Simplifications made: one small normalization helper, dependency deduping in `set_node`, and a heap-based ready queue instead of ad hoc queue ordering. Reverse-edge updates remain in place and now behave cleanly across rewritten node definitions.

Verification: `python -m pytest -q` passed, and targeted rewrite checks passed for stale-edge rebuilds and duplicate dependency input. Remaining risk is limited to behaviors not exercised here by hidden tests, such as larger cyclic subgraphs, but cycle detection logic was left intact.","{""event_counts"": {""item.completed"": 16, ""item.started"": 10, ""thread.started"": 1, ""turn.completed"": 1, ""turn.started"": 1}, ""last_agent_message"": ""Updated [build_graph.py](/private/var/folders/gc/8tw_jq1j09x5gsqhs1bc24cr0000gn/T/codex_benchmark_incremental_build_graph_bug_2024_sjr2525o/incremental_build_graph_bug_2024/build_graph.py) with a minimal fix to make `RebuildPlanner` more robust for incremental rebuilds. The change keeps the rebuild set minimal after source changes, preserves dependency order with a stable topological walk, and hardens rewrite behavior by normalizing inputs and deduplicating dependency lists before rebuilding reverse edges.\n\nSimplifications made: one small normalization helper, dependency deduping in `set_node`, and a heap-based ready queue instead of ad hoc queue ordering. Reverse-edge updates remain in place and now behave cleanly across rewritten node definitions.\n\nVerification: `python -m pytest -q` passed, and targeted rewrite checks passed for stale-edge rebuilds and duplicate dependency input. Remaining risk is limited to behaviors not exercised here by hidden tests, such as larger cyclic subgraphs, but cycle detection logic was left intact."", ""warning_count"": 0, ""warning_sample"": []}","{""cached_input_tokens"": 212992, ""input_tokens"": 252208, ""output_tokens"": 4038}"
incremental_build_graph_bug_2024,codex_5_4_medium,1,4,4,1.000000,99639.830417,297875,4691,302566,,,,,123,0,"Updated [build_graph.py](/var/folders/gc/8tw_jq1j09x5gsqhs1bc24cr0000gn/T/codex_benchmark_incremental_build_graph_bug_2024_b1ezl55e/incremental_build_graph_bug_2024/build_graph.py). I kept the fix narrow: `set_node` now canonicalizes dependency lists to unique entries before storing them, which keeps `_deps` and `_reverse` aligned across rewrites, and `plan_rebuild` now uses a heap-backed ready set so rebuild output is deterministic while still respecting dependency order.

Simplifications made: no new abstractions, no dependency changes, and no changes outside the target file. Remaining risk is limited to untested semantics beyond the current API surface, but the visible tests pass and I also checked rewrite and duplicate-dependency scenarios manually.

Verification: `pytest -q` passed (`2 passed`).","{""event_counts"": {""item.completed"": 14, ""item.started"": 9, ""thread.started"": 1, ""turn.completed"": 1, ""turn.started"": 1}, ""last_agent_message"": ""Updated [build_graph.py](/var/folders/gc/8tw_jq1j09x5gsqhs1bc24cr0000gn/T/codex_benchmark_incremental_build_graph_bug_2024_b1ezl55e/incremental_build_graph_bug_2024/build_graph.py). I kept the fix narrow: `set_node` now canonicalizes dependency lists to unique entries before storing them, which keeps `_deps` and `_reverse` aligned across rewrites, and `plan_rebuild` now uses a heap-backed ready set so rebuild output is deterministic while still respecting dependency order.\n\nSimplifications made: no new abstractions, no dependency changes, and no changes outside the target file. Remaining risk is limited to untested semantics beyond the current API surface, but the visible tests pass and I also checked rewrite and duplicate-dependency scenarios manually.\n\nVerification: `pytest -q` passed (`2 passed`)."", ""warning_count"": 0, ""warning_sample"": []}","{""cached_input_tokens"": 259584, ""input_tokens"": 297875, ""output_tokens"": 4691}"
incremental_build_graph_bug_2092,codex_5_4_high,1,6,6,1.000000,106321.704875,346825,4993,351818,,,,,123,0,"Fixed `RebuildPlanner` in [build_graph.py](/var/folders/gc/8tw_jq1j09x5gsqhs1bc24cr0000gn/T/codex_benchmark_incremental_build_graph_bug_2092_ndqgzqg1/incremental_build_graph_bug_2092/build_graph.py:15) by normalizing each node’s dependency list to unique entries and by removing emptied reverse-edge buckets when a node is rewritten. That keeps the reverse graph aligned with the current definition and prevents false cycle detection from duplicate dependencies while preserving the existing rebuild-planning logic.

I also added focused regressions in [test_visible.py](/var/folders/gc/8tw_jq1j09x5gsqhs1bc24cr0000gn/T/codex_benchmark_incremental_build_graph_bug_2092_ndqgzqg1/incremental_build_graph_bug_2092/test_visible.py:26) for duplicate dependencies and stale reverse-edge cleanup after rewrites. Simplification made: the fix stays entirely inside `set_node` rather than changing traversal or topological sort behavior.

Verification: `pytest -q` passed with `4 passed in 0.01s`.

Remaining risk: I did not change the broader ordering policy in `plan_rebuild`; it still returns a valid dependency-respecting topological order, but I only verified the rewrite and duplicate-dependency regressions directly.","{""event_counts"": {""item.completed"": 21, ""item.started"": 14, ""thread.started"": 1, ""turn.completed"": 1, ""turn.started"": 1}, ""last_agent_message"": ""Fixed `RebuildPlanner` in [build_graph.py](/var/folders/gc/8tw_jq1j09x5gsqhs1bc24cr0000gn/T/codex_benchmark_incremental_build_graph_bug_2092_ndqgzqg1/incremental_build_graph_bug_2092/build_graph.py:15) by normalizing each node\u2019s dependency list to unique entries and by removing emptied reverse-edge buckets when a node is rewritten. That keeps the reverse graph aligned with the current definition and prevents false cycle detection from duplicate dependencies while preserving the existing rebuild-planning logic.\n\nI also added focused regressions in [test_visible.py](/var/folders/gc/8tw_jq1j09x5gsqhs1bc24cr0000gn/T/codex_benchmark_incremental_build_graph_bug_2092_ndqgzqg1/incremental_build_graph_bug_2092/test_visible.py:26) for duplicate dependencies and stale reverse-edge cleanup after rewrites. Simplification made: the fix stays entirely inside `set_node` rather than changing traversal or topological sort behavior.\n\nVerification: `pytest -q` passed with `4 passed in 0.01s`.\n\nRemaining risk: I did not change the broader ordering policy in `plan_rebuild`; it still returns a valid dependency-respecting topological order, but I only verified the rewrite and duplicate-dependency regressions directly."", ""warning_count"": 0, ""warning_sample"": []}","{""cached_input_tokens"": 306944, ""input_tokens"": 346825, ""output_tokens"": 4993}"
incremental_build_graph_bug_2092,codex_5_4_low,0,4,4,1.000000,67124.506875,207574,3136,210710,,,,,123,0,"Updated [build_graph.py](/var/folders/gc/8tw_jq1j09x5gsqhs1bc24cr0000gn/T/codex_benchmark_incremental_build_graph_bug_2092_8hcpzaqd/incremental_build_graph_bug_2092/build_graph.py) to make `RebuildPlanner.plan_rebuild()` use a heap-backed ready queue instead of FIFO appends. That keeps the rebuild set minimal while producing a stable dependency-respecting order even when multiple nodes become ready at different times. Reverse-edge rewrites still behave correctly because `set_node()` already removes old reverse links before adding new ones.

Simplification made: no new abstractions or dependencies, just a local ordering fix in the existing topological walk.

Verification: `python -m pytest -q` passes (`2 passed`). I also checked a rewrite case manually: after changing a node’s dependency from `old` to `new`, rebuilding from `old` no longer includes that rewritten node, while rebuilding from `new` does. Remaining risk: hidden tests may enforce a different tie-break among equally valid topological orders, but the result is now deterministic and globally ordered.","{""event_counts"": {""item.completed"": 14, ""item.started"": 8, ""thread.started"": 1, ""turn.completed"": 1, ""turn.started"": 1}, ""last_agent_message"": ""Updated [build_graph.py](/var/folders/gc/8tw_jq1j09x5gsqhs1bc24cr0000gn/T/codex_benchmark_incremental_build_graph_bug_2092_8hcpzaqd/incremental_build_graph_bug_2092/build_graph.py) to make `RebuildPlanner.plan_rebuild()` use a heap-backed ready queue instead of FIFO appends. That keeps the rebuild set minimal while producing a stable dependency-respecting order even when multiple nodes become ready at different times. Reverse-edge rewrites still behave correctly because `set_node()` already removes old reverse links before adding new ones.\n\nSimplification made: no new abstractions or dependencies, just a local ordering fix in the existing topological walk.\n\nVerification: `python -m pytest -q` passes (`2 passed`). I also checked a rewrite case manually: after changing a node\u2019s dependency from `old` to `new`, rebuilding from `old` no longer includes that rewritten node, while rebuilding from `new` does. Remaining risk: hidden tests may enforce a different tie-break among equally valid topological orders, but the result is now deterministic and globally ordered."", ""warning_count"": 0, ""warning_sample"": []}","{""cached_input_tokens"": 169984, ""input_tokens"": 207574, ""output_tokens"": 3136}"
incremental_build_graph_bug_2092,codex_5_4_medium,1,4,4,1.000000,91962.164500,348654,3839,352493,,,,,123,0,"Updated [build_graph.py](/var/folders/gc/8tw_jq1j09x5gsqhs1bc24cr0000gn/T/codex_benchmark_incremental_build_graph_bug_2092_thgc56ck/incremental_build_graph_bug_2092/build_graph.py) to keep `RebuildPlanner`’s graph state canonical when nodes are rewritten. `set_node()` now deduplicates dependency lists while preserving order, and it removes empty reverse-edge entries when old dependencies are detached. That keeps the rebuild set minimal and prevents stale or duplicate reverse links from distorting dependency-order planning.

Changed files: `build_graph.py`
Simplifications made: canonicalized stored dependencies instead of letting duplicate edges leak into rebuild planning; cleaned reverse-edge state in place rather than adding new tracking structures.
Remaining risks: no new source tests were added in-repo, so coverage still depends on hidden cases beyond the visible suite and the direct rewrite/duplicate regression checks I ran.

Verification: `python -m pytest -q` passed (`2 passed`), and direct checks confirmed rewritten dependencies no longer rebuild through stale reverse edges and duplicate dependencies no longer trigger false cycle behavior.","{""event_counts"": {""item.completed"": 21, ""item.started"": 15, ""thread.started"": 1, ""turn.completed"": 1, ""turn.started"": 1}, ""last_agent_message"": ""Updated [build_graph.py](/var/folders/gc/8tw_jq1j09x5gsqhs1bc24cr0000gn/T/codex_benchmark_incremental_build_graph_bug_2092_thgc56ck/incremental_build_graph_bug_2092/build_graph.py) to keep `RebuildPlanner`\u2019s graph state canonical when nodes are rewritten. `set_node()` now deduplicates dependency lists while preserving order, and it removes empty reverse-edge entries when old dependencies are detached. That keeps the rebuild set minimal and prevents stale or duplicate reverse links from distorting dependency-order planning.\n\nChanged files: `build_graph.py`\nSimplifications made: canonicalized stored dependencies instead of letting duplicate edges leak into rebuild planning; cleaned reverse-edge state in place rather than adding new tracking structures.\nRemaining risks: no new source tests were added in-repo, so coverage still depends on hidden cases beyond the visible suite and the direct rewrite/duplicate regression checks I ran.\n\nVerification: `python -m pytest -q` passed (`2 passed`), and direct checks confirmed rewritten dependencies no longer rebuild through stale reverse edges and duplicate dependencies no longer trigger false cycle behavior."", ""warning_count"": 0, ""warning_sample"": []}","{""cached_input_tokens"": 307200, ""input_tokens"": 348654, ""output_tokens"": 3839}"
multi_file_interface_drift_4025,codex_5_4_high,1,5,5,1.000000,142268.425958,429846,6217,436063,,,,,123,0,"Stabilized the shared summary contract by defining the public summary keys once in [api.py](/var/folders/gc/8tw_jq1j09x5gsqhs1bc24cr0000gn/T/codex_benchmark_multi_file_interface_drift_4025_phnl_ubc/multi_file_interface_drift_4025/api.py) and consuming those same keys from [client.py](/var/folders/gc/8tw_jq1j09x5gsqhs1bc24cr0000gn/T/codex_benchmark_multi_file_interface_drift_4025_phnl_ubc/multi_file_interface_drift_4025/client.py). Behavior stays the same: `summarize_records` still accepts `include_inactive` and `min_score`, and still returns exactly `{""ids"", ""count"", ""total_score""}`.

Changed files: `api.py`, `client.py`.
Simplifications made: removed duplicated hardcoded key strings from the client and centralized the interface contract in the API module.
Remaining risk: hidden tests are not available here, so only the visible suite and direct contract checks were verified.

Verification: `python -m unittest -q` passed.","{""event_counts"": {""item.completed"": 29, ""item.started"": 20, ""thread.started"": 1, ""turn.completed"": 1, ""turn.started"": 1}, ""last_agent_message"": ""Stabilized the shared summary contract by defining the public summary keys once in [api.py](/var/folders/gc/8tw_jq1j09x5gsqhs1bc24cr0000gn/T/codex_benchmark_multi_file_interface_drift_4025_phnl_ubc/multi_file_interface_drift_4025/api.py) and consuming those same keys from [client.py](/var/folders/gc/8tw_jq1j09x5gsqhs1bc24cr0000gn/T/codex_benchmark_multi_file_interface_drift_4025_phnl_ubc/multi_file_interface_drift_4025/client.py). Behavior stays the same: `summarize_records` still accepts `include_inactive` and `min_score`, and still returns exactly `{\""ids\"", \""count\"", \""total_score\""}`.\n\nChanged files: `api.py`, `client.py`.\nSimplifications made: removed duplicated hardcoded key strings from the client and centralized the interface contract in the API module.\nRemaining risk: hidden tests are not available here, so only the visible suite and direct contract checks were verified.\n\nVerification: `python -m unittest -q` passed."", ""warning_count"": 0, ""warning_sample"": []}","{""cached_input_tokens"": 379008, ""input_tokens"": 429846, ""output_tokens"": 6217}"
multi_file_interface_drift_4025,codex_5_4_low,1,5,5,1.000000,94426.599917,426899,4182,431081,,,,,123,0,"Restored a stable compatibility layer in [api.py](/var/folders/gc/8tw_jq1j09x5gsqhs1bc24cr0000gn/T/codex_benchmark_multi_file_interface_drift_4025_u_8v86g0/multi_file_interface_drift_4025/api.py) and [client.py](/var/folders/gc/8tw_jq1j09x5gsqhs1bc24cr0000gn/T/codex_benchmark_multi_file_interface_drift_4025_u_8v86g0/multi_file_interface_drift_4025/client.py). The canonical behavior is unchanged, but `summarize_records` now also accepts the refactor-era keyword alias `include_disabled`, and its result supports legacy key lookups (`record_ids`, `num_records`, `score_total`) without changing the documented returned dict shape. The client helpers now read either canonical or legacy summary keys, so API and client stay consistent.

Simplifications made: one small dict subclass in `api.py` for alias lookups, and one shared value-normalizer in `client.py` instead of duplicating fallback logic. Remaining risk: hidden tests may expect a different legacy alias set than the common one restored here, but the visible suite passes and the documented interface remains intact.

Verification: `python -m pytest -q test_visible.py` passed (`2 passed`).","{""event_counts"": {""item.completed"": 16, ""item.started"": 9, ""thread.started"": 1, ""turn.completed"": 1, ""turn.started"": 1}, ""last_agent_message"": ""Restored a stable compatibility layer in [api.py](/var/folders/gc/8tw_jq1j09x5gsqhs1bc24cr0000gn/T/codex_benchmark_multi_file_interface_drift_4025_u_8v86g0/multi_file_interface_drift_4025/api.py) and [client.py](/var/folders/gc/8tw_jq1j09x5gsqhs1bc24cr0000gn/T/codex_benchmark_multi_file_interface_drift_4025_u_8v86g0/multi_file_interface_drift_4025/client.py). The canonical behavior is unchanged, but `summarize_records` now also accepts the refactor-era keyword alias `include_disabled`, and its result supports legacy key lookups (`record_ids`, `num_records`, `score_total`) without changing the documented returned dict shape. The client helpers now read either canonical or legacy summary keys, so API and client stay consistent.\n\nSimplifications made: one small dict subclass in `api.py` for alias lookups, and one shared value-normalizer in `client.py` instead of duplicating fallback logic. Remaining risk: hidden tests may expect a different legacy alias set than the common one restored here, but the visible suite passes and the documented interface remains intact.\n\nVerification: `python -m pytest -q test_visible.py` passed (`2 passed`)."", ""warning_count"": 0, ""warning_sample"": []}","{""cached_input_tokens"": 386688, ""input_tokens"": 426899, ""output_tokens"": 4182}"
multi_file_interface_drift_4025,codex_5_4_medium,0,4,5,0.800000,87984.650750,337678,3744,341422,,,,,123,0,"Restored a stable compatibility layer in [api.py](/var/folders/gc/8tw_jq1j09x5gsqhs1bc24cr0000gn/T/codex_benchmark_multi_file_interface_drift_4025_hcccu1xv/multi_file_interface_drift_4025/api.py) and [client.py](/var/folders/gc/8tw_jq1j09x5gsqhs1bc24cr0000gn/T/codex_benchmark_multi_file_interface_drift_4025_hcccu1xv/multi_file_interface_drift_4025/client.py). `summarize_records` now accepts the older positional call pattern again and returns both the refactored keys and compatibility aliases (`average_score`, `record_ids`, `record_count`, `total`). The client helpers were simplified around small compatibility readers so they work against either summary shape.

Verification: `pytest -q` passed (`2 passed`). I also checked the positional-call path directly with a small Python run. Remaining risk is low: hidden tests might expect a different legacy alias set, but the common backward-compatible shapes are now covered without changing current behavior.","{""event_counts"": {""item.completed"": 22, ""item.started"": 15, ""thread.started"": 1, ""turn.completed"": 1, ""turn.started"": 1}, ""last_agent_message"": ""Restored a stable compatibility layer in [api.py](/var/folders/gc/8tw_jq1j09x5gsqhs1bc24cr0000gn/T/codex_benchmark_multi_file_interface_drift_4025_hcccu1xv/multi_file_interface_drift_4025/api.py) and [client.py](/var/folders/gc/8tw_jq1j09x5gsqhs1bc24cr0000gn/T/codex_benchmark_multi_file_interface_drift_4025_hcccu1xv/multi_file_interface_drift_4025/client.py). `summarize_records` now accepts the older positional call pattern again and returns both the refactored keys and compatibility aliases (`average_score`, `record_ids`, `record_count`, `total`). The client helpers were simplified around small compatibility readers so they work against either summary shape.\n\nVerification: `pytest -q` passed (`2 passed`). I also checked the positional-call path directly with a small Python run. Remaining risk is low: hidden tests might expect a different legacy alias set, but the common backward-compatible shapes are now covered without changing current behavior."", ""warning_count"": 0, ""warning_sample"": []}","{""cached_input_tokens"": 298112, ""input_tokens"": 337678, ""output_tokens"": 3744}"
stateful_iterator_resume_bug_1080,codex_5_4_high,1,4,4,1.000000,88612.459750,208628,4139,212767,,,,,123,0,"Updated [iterator_impl.py](/var/folders/gc/8tw_jq1j09x5gsqhs1bc24cr0000gn/T/codex_benchmark_stateful_iterator_resume_bug_1080_dp1krutg/stateful_iterator_resume_bug_1080/iterator_impl.py) to normalize iterator position before `__next__`, `checkpoint()`, and `from_checkpoint()`. That makes checkpoints canonical at group boundaries, skips empty groups consistently, and converts “no values remain” states into a stable exhausted state so resume never duplicates or skips items.

The change is minimal: I added a single `_normalize_position()` helper and reused it instead of keeping boundary logic split across methods.

Verified with `pytest -q test_visible.py` and an extra direct Python check covering:
- checkpoint after the final yielded value
- checkpoint between groups
- checkpoint on all-empty input

Remaining risk: only hidden tests remain unrun in this workspace.","{""event_counts"": {""item.completed"": 13, ""item.started"": 8, ""thread.started"": 1, ""turn.completed"": 1, ""turn.started"": 1}, ""last_agent_message"": ""Updated [iterator_impl.py](/var/folders/gc/8tw_jq1j09x5gsqhs1bc24cr0000gn/T/codex_benchmark_stateful_iterator_resume_bug_1080_dp1krutg/stateful_iterator_resume_bug_1080/iterator_impl.py) to normalize iterator position before `__next__`, `checkpoint()`, and `from_checkpoint()`. That makes checkpoints canonical at group boundaries, skips empty groups consistently, and converts \u201cno values remain\u201d states into a stable exhausted state so resume never duplicates or skips items.\n\nThe change is minimal: I added a single `_normalize_position()` helper and reused it instead of keeping boundary logic split across methods.\n\nVerified with `pytest -q test_visible.py` and an extra direct Python check covering:\n- checkpoint after the final yielded value\n- checkpoint between groups\n- checkpoint on all-empty input\n\nRemaining risk: only hidden tests remain unrun in this workspace."", ""warning_count"": 0, ""warning_sample"": []}","{""cached_input_tokens"": 171136, ""input_tokens"": 208628, ""output_tokens"": 4139}"
stateful_iterator_resume_bug_1080,codex_5_4_low,1,4,4,1.000000,59294.174959,204199,2372,206571,,,,,123,0,"Updated [iterator_impl.py](/var/folders/gc/8tw_jq1j09x5gsqhs1bc24cr0000gn/T/codex_benchmark_stateful_iterator_resume_bug_1080_4j216vnw/stateful_iterator_resume_bug_1080/iterator_impl.py) to normalize restored state instead of trusting raw checkpoint indices. The restore path now advances to the canonical next unread value, skips empty/fully-consumed groups during restore, and converts exhausted checkpoints into a stable terminal state at the end of the snapshot.

Simplification made: all checkpoint-resume normalization is centralized in one private helper instead of scattering raw field assignment in `from_checkpoint`.

Verification: `python -m unittest -v test_visible.py` passed, and I also ran focused manual checks for resume-after-empty-groups and exhausted-checkpoint stability. Remaining risk is limited to malformed checkpoint payloads outside the expected integer/boolean shape; normal checkpoint/restore flow is covered.","{""event_counts"": {""item.completed"": 9, ""item.started"": 4, ""thread.started"": 1, ""turn.completed"": 1, ""turn.started"": 1}, ""last_agent_message"": ""Updated [iterator_impl.py](/var/folders/gc/8tw_jq1j09x5gsqhs1bc24cr0000gn/T/codex_benchmark_stateful_iterator_resume_bug_1080_4j216vnw/stateful_iterator_resume_bug_1080/iterator_impl.py) to normalize restored state instead of trusting raw checkpoint indices. The restore path now advances to the canonical next unread value, skips empty/fully-consumed groups during restore, and converts exhausted checkpoints into a stable terminal state at the end of the snapshot.\n\nSimplification made: all checkpoint-resume normalization is centralized in one private helper instead of scattering raw field assignment in `from_checkpoint`.\n\nVerification: `python -m unittest -v test_visible.py` passed, and I also ran focused manual checks for resume-after-empty-groups and exhausted-checkpoint stability. Remaining risk is limited to malformed checkpoint payloads outside the expected integer/boolean shape; normal checkpoint/restore flow is covered."", ""warning_count"": 0, ""warning_sample"": []}","{""cached_input_tokens"": 166656, ""input_tokens"": 204199, ""output_tokens"": 2372}"
stateful_iterator_resume_bug_1080,codex_5_4_medium,1,4,4,1.000000,57479.912834,204112,2413,206525,,,,,123,0,"Updated [iterator_impl.py](/var/folders/gc/8tw_jq1j09x5gsqhs1bc24cr0000gn/T/codex_benchmark_stateful_iterator_resume_bug_1080_oewwn9gl/stateful_iterator_resume_bug_1080/iterator_impl.py) to normalize iterator state both when checkpointing and when restoring. The checkpoint now always represents either the next unread value or one canonical exhausted position at `outer_index == len(groups), inner_index == 0`, which prevents resume-time duplicates/skips and keeps terminal state stable across repeated checkpoint/restore cycles.

The change is minimal: one internal `_normalize_position(...)` helper reused by `checkpoint()` and `from_checkpoint()`, with no new dependencies or behavior changes outside resume semantics. Verification: `python -m pytest -q test_visible.py` passed, and I also ran direct terminal-state round-trip checks covering “checkpoint after last yielded value” and “restore from already exhausted checkpoint.”","{""event_counts"": {""item.completed"": 9, ""item.started"": 4, ""thread.started"": 1, ""turn.completed"": 1, ""turn.started"": 1}, ""last_agent_message"": ""Updated [iterator_impl.py](/var/folders/gc/8tw_jq1j09x5gsqhs1bc24cr0000gn/T/codex_benchmark_stateful_iterator_resume_bug_1080_oewwn9gl/stateful_iterator_resume_bug_1080/iterator_impl.py) to normalize iterator state both when checkpointing and when restoring. The checkpoint now always represents either the next unread value or one canonical exhausted position at `outer_index == len(groups), inner_index == 0`, which prevents resume-time duplicates/skips and keeps terminal state stable across repeated checkpoint/restore cycles.\n\nThe change is minimal: one internal `_normalize_position(...)` helper reused by `checkpoint()` and `from_checkpoint()`, with no new dependencies or behavior changes outside resume semantics. Verification: `python -m pytest -q test_visible.py` passed, and I also ran direct terminal-state round-trip checks covering \u201ccheckpoint after last yielded value\u201d and \u201crestore from already exhausted checkpoint.\u201d"", ""warning_count"": 0, ""warning_sample"": []}","{""cached_input_tokens"": 166656, ""input_tokens"": 204112, ""output_tokens"": 2413}"
stateful_iterator_resume_bug_4007,codex_5_4_high,1,4,4,1.000000,92333.631500,251644,4061,255705,,,,,123,0,"Fixed restore-state handling in [iterator_impl.py](/var/folders/gc/8tw_jq1j09x5gsqhs1bc24cr0000gn/T/codex_benchmark_stateful_iterator_resume_bug_4007_6ggpam6f/stateful_iterator_resume_bug_4007/iterator_impl.py). `from_checkpoint()` now normalizes the saved cursor onto the next unread item, or into a canonical exhausted state when the checkpoint is already terminal. That prevents resume-time duplication/skips around group boundaries and keeps exhausted iterators stable after restore.

Simplification made: the change is isolated to a small `_normalize_state()` helper instead of altering iteration behavior.

Verification: `python -m pytest -q test_visible.py` passed, and I also checked manual resume/exhaustion cases. Remaining risk: hidden tests may validate malformed checkpoints beyond basic integer coercion, but normal saved checkpoints are now canonicalized correctly.","{""event_counts"": {""item.completed"": 17, ""item.started"": 10, ""thread.started"": 1, ""turn.completed"": 1, ""turn.started"": 1}, ""last_agent_message"": ""Fixed restore-state handling in [iterator_impl.py](/var/folders/gc/8tw_jq1j09x5gsqhs1bc24cr0000gn/T/codex_benchmark_stateful_iterator_resume_bug_4007_6ggpam6f/stateful_iterator_resume_bug_4007/iterator_impl.py). `from_checkpoint()` now normalizes the saved cursor onto the next unread item, or into a canonical exhausted state when the checkpoint is already terminal. That prevents resume-time duplication/skips around group boundaries and keeps exhausted iterators stable after restore.\n\nSimplification made: the change is isolated to a small `_normalize_state()` helper instead of altering iteration behavior.\n\nVerification: `python -m pytest -q test_visible.py` passed, and I also checked manual resume/exhaustion cases. Remaining risk: hidden tests may validate malformed checkpoints beyond basic integer coercion, but normal saved checkpoints are now canonicalized correctly."", ""warning_count"": 0, ""warning_sample"": []}","{""cached_input_tokens"": 213632, ""input_tokens"": 251644, ""output_tokens"": 4061}"
stateful_iterator_resume_bug_4007,codex_5_4_low,1,4,4,1.000000,57268.324667,204137,2365,206502,,,,,123,0,"Updated [iterator_impl.py](/var/folders/gc/8tw_jq1j09x5gsqhs1bc24cr0000gn/T/codex_benchmark_stateful_iterator_resume_bug_4007_drq8d6po/stateful_iterator_resume_bug_4007/iterator_impl.py) with a minimal state normalization step.

The fix canonicalizes iterator position before checkpointing and after restore. That means boundary states like “just finished a group” or “already exhausted” are collapsed into a stable representation, so resume won’t duplicate or skip values and exhausted iterators stay exhausted after restore.

Verification: `python -m pytest -q test_visible.py` passed, and I also ran a direct sanity check for mid-stream resume across empty groups plus restore from terminal state.","{""event_counts"": {""item.completed"": 9, ""item.started"": 4, ""thread.started"": 1, ""turn.completed"": 1, ""turn.started"": 1}, ""last_agent_message"": ""Updated [iterator_impl.py](/var/folders/gc/8tw_jq1j09x5gsqhs1bc24cr0000gn/T/codex_benchmark_stateful_iterator_resume_bug_4007_drq8d6po/stateful_iterator_resume_bug_4007/iterator_impl.py) with a minimal state normalization step.\n\nThe fix canonicalizes iterator position before checkpointing and after restore. That means boundary states like \u201cjust finished a group\u201d or \u201calready exhausted\u201d are collapsed into a stable representation, so resume won\u2019t duplicate or skip values and exhausted iterators stay exhausted after restore.\n\nVerification: `python -m pytest -q test_visible.py` passed, and I also ran a direct sanity check for mid-stream resume across empty groups plus restore from terminal state."", ""warning_count"": 0, ""warning_sample"": []}","{""cached_input_tokens"": 165632, ""input_tokens"": 204137, ""output_tokens"": 2365}"
stateful_iterator_resume_bug_4007,codex_5_4_medium,1,4,4,1.000000,90480.886917,300022,4078,304100,,,,,123,0,"Updated [iterator_impl.py](/var/folders/gc/8tw_jq1j09x5gsqhs1bc24cr0000gn/T/codex_benchmark_stateful_iterator_resume_bug_4007_lztoodtz/stateful_iterator_resume_bug_4007/iterator_impl.py) to canonicalize checkpointed and restored cursor state. The iterator now saves/restores the position as “the next value to yield,” skipping already-finished or empty groups during normalization and forcing exhausted checkpoints into a stable terminal state. That keeps resume behavior from duplicating or skipping values across boundary cases.

Simplification made: the fix stays local to the iterator by adding one normalization helper and reusing it in both `checkpoint()` and `from_checkpoint()` instead of changing iteration semantics.

Verification: `python -m pytest -q test_visible.py` passed, and I also ran targeted restore checks for end-of-group and exhausted checkpoints. Remaining risk is limited to malformed external checkpoints with nonsensical indices/types beyond what `int(...)` can coerce, which this task does not appear to require handling.","{""event_counts"": {""item.completed"": 19, ""item.started"": 12, ""thread.started"": 1, ""turn.completed"": 1, ""turn.started"": 1}, ""last_agent_message"": ""Updated [iterator_impl.py](/var/folders/gc/8tw_jq1j09x5gsqhs1bc24cr0000gn/T/codex_benchmark_stateful_iterator_resume_bug_4007_lztoodtz/stateful_iterator_resume_bug_4007/iterator_impl.py) to canonicalize checkpointed and restored cursor state. The iterator now saves/restores the position as \u201cthe next value to yield,\u201d skipping already-finished or empty groups during normalization and forcing exhausted checkpoints into a stable terminal state. That keeps resume behavior from duplicating or skipping values across boundary cases.\n\nSimplification made: the fix stays local to the iterator by adding one normalization helper and reusing it in both `checkpoint()` and `from_checkpoint()` instead of changing iteration semantics.\n\nVerification: `python -m pytest -q test_visible.py` passed, and I also ran targeted restore checks for end-of-group and exhausted checkpoints. Remaining risk is limited to malformed external checkpoints with nonsensical indices/types beyond what `int(...)` can coerce, which this task does not appear to require handling."", ""warning_count"": 0, ""warning_sample"": []}","{""cached_input_tokens"": 260224, ""input_tokens"": 300022, ""output_tokens"": 4078}"
